model,map_mode,model_full,backend,game,started_at,session_file,final_score,max_score,unique_rooms,total_deaths,total_turns,death_rate,mean_turns_between_deaths,total_input_tokens,total_output_tokens,total_tokens,tokens_per_room,tokens_per_score_point,tool_calls_per_turn,malformed_turns,malformed_tokens,phantom_room_count,tool_add_note,tool_record_room,tool_update_inventory
claude-sonnet-4-6,explore,claude-sonnet-4-6,anthropic,zork1,20260407T145956Z,/Users/mnky9800n/repos/llm-text-adventure/benchmark/results/claude-sonnet-4-6/explore/session_20260407T145956Z.jsonl,0,0,2,0,5,0.0,,22517,606,23123,11561.5,,1.0,0,0,1,2,2,1
claude-sonnet-4-6,full,claude-sonnet-4-6,anthropic,zork1,20260407T150026Z,/Users/mnky9800n/repos/llm-text-adventure/benchmark/results/claude-sonnet-4-6/full/session_20260407T150026Z.jsonl,0,0,2,0,5,0.0,,19249,553,19802,9901.0,,0.8,0,0,1,1,2,1
claude-sonnet-4-6,none,claude-sonnet-4-6,anthropic,zork1,20260407T145935Z,/Users/mnky9800n/repos/llm-text-adventure/benchmark/results/claude-sonnet-4-6/none/session_20260407T145935Z.jsonl,0,0,2,0,5,0.0,,12119,429,12548,6274.0,,0.8,0,0,0,3,0,1
gpt-oss-120b,explore,accounts/fireworks/models/gpt-oss-120b,fireworks,zork1,20260407T150120Z,/Users/mnky9800n/repos/llm-text-adventure/benchmark/results/gpt-oss-120b/explore/session_20260407T150120Z.jsonl,0,0,0,0,5,0.0,,12726,4564,17290,,,0.8,0,0,2,0,4,0
gpt-oss-120b,full,accounts/fireworks/models/gpt-oss-120b,fireworks,zork1,20260407T150207Z,/Users/mnky9800n/repos/llm-text-adventure/benchmark/results/gpt-oss-120b/full/session_20260407T150207Z.jsonl,0,0,0,0,5,0.0,,6345,3245,9590,,,0.2,0,0,0,0,0,1
gpt-oss-120b,none,accounts/fireworks/models/gpt-oss-120b,fireworks,zork1,20260407T150055Z,/Users/mnky9800n/repos/llm-text-adventure/benchmark/results/gpt-oss-120b/none/session_20260407T150055Z.jsonl,0,0,1,0,5,0.0,,2820,2019,4839,4839.0,,0.0,0,0,0,0,0,0
kimi-k2.5,explore,accounts/fireworks/models/kimi-k2p5,fireworks,zork1,20260407T150308Z,/Users/mnky9800n/repos/llm-text-adventure/benchmark/results/kimi-k2.5/explore/session_20260407T150308Z.jsonl,0,0,2,0,5,0.0,,10873,498,11371,5685.5,,0.8,0,0,0,0,3,1
kimi-k2.5,full,accounts/fireworks/models/kimi-k2p5,fireworks,zork1,20260407T150346Z,/Users/mnky9800n/repos/llm-text-adventure/benchmark/results/kimi-k2.5/full/session_20260407T150346Z.jsonl,0,0,1,0,5,0.0,,8806,528,9334,9334.0,,0.6,0,0,0,0,2,1
kimi-k2.5,none,accounts/fireworks/models/kimi-k2p5,fireworks,zork1,20260407T150245Z,/Users/mnky9800n/repos/llm-text-adventure/benchmark/results/kimi-k2.5/none/session_20260407T150245Z.jsonl,0,0,3,0,5,0.0,,4249,423,4672,1557.3333333333333,,0.4,0,0,0,1,0,1
